raceId,weather
1,Sunny with temperatures reaching up to 27 °C (81 °F)[2]
2,"Dry start, with heavy rain and thunderstorm/monsoon later"
3,Rain
4,Sunny
5,"Warm, Sunny"
6,Sunny
7,Sunny
8,"Dry, overcast"
9,Sunny and overcast
10,Sunny25 °C (77 °F)[3]
11,Hot and dry with temperatures reaching up to 33 °C (91 °F)[1]
12,Clear but Mild
13,Mainly sunny
14,Hot and Dry
15,"Sunny, Dry"
16,Partially cloudy and dry
17,Dry
18,"Clear, dry, air temperature of 39 °C (102 °F)."
19,"Sunny, partly cloudy"
20,Dry
21,Sunny
22,Sunny with temperatures reaching up to 17 °C (63 °F)[3]
23,"Wet, drying later."
24,Hot with temperatures approaching 31 °C (88 °F); wind speeds up to 8.9 kilometres per hour (5.5 mph)[1]
25,Dry at first; light rain in the final stages
26,"Rain, later drying"
27,"Cloudy, later sunny[1]"
28,"Sunny; Air 30–31 °C (86–88 °F), Track 40–43 °C (104–109 °F)"
29,Sunny
30,"Cloudy, rain in last 3 laps"
31,"Heavy rain, dry towards the end"
32,"Dry, Air Temp: 28 °C (82 °F), Wind Speed: 2.2 metres per second (7.2 ft/s), Humidity: 79%"
33,Cloudy with temperatures reaching up to 17 °C (63 °F)[4]
34,Dry
35,"Rain at beginning and end, otherwise drying"
36,Clear with temperatures reaching up to 21 °C (70 °F)[1]
37,Sunny[1]
38,"Sunny, dry, windy"
39,Sunny and warm
40,"Cloudy, air temp 24–27 °C (75–81 °F), track temp 33–42 °C (91–108 °F)"
41,Warm with temperatures approaching 26 °C (79 °F); wind speeds up to 5.8 kilometres per hour (3.6 mph)[1]
42,Warm (33C/91F) and clear
43,Cloudy
44,Dry and sunny
45,Heavy Rain on Lap 1. Drying track at restart. Light Rain before the finish.
46,"Sunny, temperatures reaching up to 27 °C (81 °F)[4]"
47,Sunny
48,Sunny
49,"Partly cloudy, mild and dry"
50,Very heavy rain
51,Intermittent light rain
52,"37 °C (Air), 63 °C (Track)"
53,"Fine, Dry and HotAir Temp 23 °C (73 °F)[1]Track Temp 40 °C (104 °F)[1] dropping to 34 °C (93 °F)"
54,"Fine, Air Temp: 33°C, Wind Speed: 1.5 m/s, Humidity: 61%"
55,Cloudy with sunny breaks. Air temperature 20°C
56,Sunny
57,Sunny
58,Sunny
59,Fine
60,Sunny
61,Sunny and warm with temperatures reaching up to 28 °C (82 °F); wind speeds up to 4.1 kilometres per hour (2.5 mph)[1]
62,"Sunny, hot"
63,"Sunny, warm"
64,"Sunny, warm"
65,Cool and rainy with temperatures reaching up to 20 °C (68 °F)[4]
66,"Sunny, hot"
67,Warm and sunny with temperatures reaching up to 27 °C (81 °F)[1]
68,"Cloudy, wet track that progressively dried up.Rainy during the last few laps."
69,Fine
70,Temperatures reaching up to 23 °C (73 °F)[1]
71,"Cool, partly cloudy"
72,"Fine, Air: 34–36 °C (93–97 °F) and Track: 44–50 °C (111–122 °F)"
73,"Sunny, 42 °C (108 °F)[1]"
74,Warm and cloudy
75,"Sunny, warm"
76,Fine
77,"Partly cloudy, hot and dry"
78,Cloudy and hot with temperatures approaching 32.5 °C (90.5 °F)Wind speeds up to 5.1 km/h (3.2 mph)[1]Track 43–47 °C (109–117 °F)
79,"Cloudy, temperatures up to 25.0 °C (77.0 °F); wind speeds up to 17.9 km/h (11.1 mph)[4]"
80,"Sunny, Air: 32 °C (90 °F), Track 53 °C (127 °F)"
81,"Sunny, Air: 27 °C (81 °F), Track 47 °C (117 °F)"
82,"Cloudy with drizzle, but staying dry during the race. Air temp: 24°C."
83,"Sunny, Air: 34 °C (93 °F), Track 45 °C (113 °F)"
84,Sunny; 30°C Air; 45°C Track
85,Sunny
86,Wet and dry
87,"Partially cloudy and dry, Air: 23 °C (73 °F), Track 22 °C (72 °F)"
88,Partially cloudy and dry with temperatures reaching up to 25 °C (77 °F)[1]
89,Sunny
90,Dry and cloudyAir temperature 20 °C (68 °F)
91,"Dry, light rain at the startAir Temp 34 °C (93 °F)"
92,"Warm, dry and overcast"
93,"Clear, air temp: 22°C"
94,Clear
95,Dry and sunny
96,"Cloudy at start, sunny later"
97,Clear and mild with temperatures approaching 25.0 °C (77.0 °F)Wind speeds up to 5.8 km/h (3.6 mph)[1]Track 35 °C (95 °F)[2]
98,Fine with temperatures reaching up to 24 °C (75 °F);Wind speeds up to 20.55 km/h (12.77 mph)[2]
99,Sunny
100,"Cloudy, Air: 17 °C (63 °F), Track 27 °C (81 °F)[2]"
101,Sunny
102,"Warm, dry and sunny, Air: 26 °C (79 °F), Track 42 °C (108 °F)"
103,Dry with temperatures reaching up to 15 °C (59 °F)[1]
104,"Wet track at the start, dry later on"
105,Sunny with temperatures reaching up to 27 °C (81 °F)[1]
106,Sunny
107,Dry/Wet
108,"Damp at beginning, dry later, cloudy, mild"
109,"Fine, air temperature 34°C (93°F)"
110,Rainy: 20 °C (68 °F)
111,Mostly cloudy with maximum ambient temperatures reaching 13 degrees during the day.
112,Clear
113,Mostly cloudy with isolated showers in the area
114,"Sunny at start, cloudy later"
115,Partly cloudy and mild with temperatures reaching a maximum of 19.3 °C (66.7 °F)Wind speeds up to 12.9 km/h (8.0 mph)[1]Track 32 °C (90 °F)[2]
116,Mostly cloudy with maximum ambient temperatures reaching 25 degrees celsius during the day.
117,"Cloudy, Air: 26 °C (79 °F), Track 35 °C (95 °F)"
118,"Sunny at start, cloudy later, Air: 24 °C (75 °F), Track 29 °C (84 °F)[1]"
119,Fine
120,"Warm, dry and sunny, 28 °C (82 °F)"
121,Sunny
122,Scattered showers with temperatures up to 20.6 °C (69.1 °F);Wind speeds up to 25.93 km/h (16.11 mph)[4]
123,"Cloudy, Air: 22 °C (72 °F), Track 25 °C (77 °F)"
124,"Cloudy at start, clearing to sunny skies."
125,"Partially cloudy, hot, and dry"
126,"Clear, Air Temp: 30°C"
127,"Scattered thunderstorms, but remaining dry. Air Temp: 18°C"
128,"Clear, Air Temp: 20°C"
129,"Clear, air temperature: 20°C"
130,Fine; air temperature 22 °C (72 °F)
131,Mostly fine and humid with temperatures reaching a maximum of 24.1 °C (75.4 °F)Wind speeds up to 8 km/h (5.0 mph)[1]
132,"Mainly Fine, Air Temp: 18°C"
133,"Dry/Wet, Air Temp: 21°C"
134,"Warm and sunny, Air Temp: 25°C"
135,"Fine, Air Temp: 28°C"
136,"Partially cloudy, hot and sunny, Air Temp: 28 °C (82 °F)[4]"
137,"Cloudy, Air: 17 °C (63 °F), Track 25 °C (77 °F)[1]"
138,"Sunny, hot, dry 23°C"
139,Sunny with temperatures reaching up to 26.7 °C (80.1 °F);Wind speeds approaching a maximum of 18.70 km/h (11.62 mph)[3]Track 34 °C (93 °F)
140,"Sunny, Air: 26 °C (79 °F), Track 30 °C (86 °F)"
141,"Cloudy, sunny later"
142,"Rain and Thunderstorms at start, dry later; Air Temp at start: 32 °C (90 °F)"
143,"Dry first, rain and thunderstorms later"
144,"Sunny. Air Temp: 14 °C (57 °F), Track 26 °C (79 °F)"
145,"Overcast, Mild, Dry, Air Temp: 18°C"
146,"Sunny, Air: 18 to 19 °C (64 to 66 °F), Track 18 to 32 °C (64 to 90 °F)"
147,"Warm and Sunny, Air Temp: 23 °C (73 °F), Track 36 to 39 °C (97 to 102 °F)"
148,Sunny
149,"Sunny, mild, dry, Air Temp: 21°C"
150,Sunny
151,"Partially cloudy, mild, dry, Air Temp: 16 °C (61 °F), Track 27 °C (81 °F)"
152,"Partially cloudy, very hot, dry"
153,"Hot, dry and partially cloudy"
154,"Overcast, mild, dry, Air Temp: 12 to 16 °C (54 to 61 °F)"
155,"Sunny, partly cloudy, Air: 19 to 20 °C (66 to 68 °F), Track 26 °C (79 °F)"
156,"Sunny, cool, Air: 19–22 °C (66–72 °F);Track 27–28 °C (81–82 °F)"
157,"Cloudy, mild, dry, air temp: 24°C"
158,"Sunny,[3] Air Temp: 20 °C"
159,"Sunny with some clouds, Air: 22 °C (72 °F), Track: 35 °C (95 °F)"
160,"Overcast, mild, dry; 16 °C (61 °F)"
161,"Sunny, mild, dry, Air Temp: 10 °C (50 °F)"
162,"Sunny, Mild, Dry"
163,"Dry at first, rain later on, Air: 11 °C (52 °F), Track: 12 °C (54 °F)"
164,Sunny
165,"Cloudy and raining; Air 17 °C (63 °F),Track 21 °C (70 °F)"
166,"Sunny, dry, Air Temp: 27°C"
167,"Partially cloudy, dry"
168,Dry/Wet
169,"Partially cloudy, very hot, dry"
170,"Wet at start, drying, Air & track temperature; 15 °C (59 °F)"
171,Sunny with temperatures reaching up to 29 °C (84 °F)[4]
172,"Cloudy, drying, Air 12 °C (54 °F);Track 14 °C (57 °F)"
173,Dry/wet
174,"Overcast, Very hot, Dry"
175,Sunny and dry with temperatures reaching up to 19 °C (66 °F)[1]
176,"Sunny, hot, dry 25 °C (77 °F)[1]"
177,"Sunny, mild, dry, 23 °C"
178,"Sunny, hot, dry"
179,"Cloudy, hot, dry 22 °C (72 °F)[2]"
180,Hot with temperatures approaching 31.0 °C (87.8 °F)Wind speeds up to 5.1 km/h (3.2 mph)[1]Track 41–43 °C (106–109 °F)
181,"Overcast, mild, dry at first, rain later on"
182,"Sunny, mild, dry"
183,"Overcast, mild, dry"
184,"Partially cloudy, very hot, dry"
185,"Partially cloudy, hot, dry, Air: 25 °C (77 °F), Track 37 °C (99 °F)"
186,"Partially cloudy, mild, dry"
187,Hot and dry with temperatures reaching up to 30 °C (86 °F)[1]
188,Wet/Dry
189,"Cloudy, hot, dry"
190,"Overcast, mild, dry"
191,"Clear with maximum temperatures reaching 24 degrees at the start, increasing to 30 degrees by the end of the race."
192,"Mostly cloudy, 31 °C (88 °F)"
193,Cloudy with variable levels of dryness; temperatures reaching up to 19 °C (66 °F)[2]
194,"Sunny, 25 °C"
195,Sunny and warm
196,Hot and sunny with temperatures reaching up to 22 °C (72 °F)[1]
197,Cool and overcast with air temperatures reaching up to 16.0 °C (60.8 °F)Wind speeds up to 2.9 km/h (1.8 mph) reported[1]
198,"Sunny, warm"
199,"Rain, Wet Track"
200,Sunny
201,Cloudy but dry
202,"Cloudy, hot, dry; 30 °C (86 °F)"
203,Cold and wet with rain becoming heavier
204,Sunny
205,"Cloudy, cold, dry"
206,Fine
207,"Partly Cloudy, Dry"
208,Overcast and dry with temperatures reaching up to 23 °C (73 °F)[1]
209,"Partially cloudy and dry, with temperatures reaching up to 21 °C (70 °F)[1]"
210,"Cloudy, Dry, 17 °C"
211,"Overcast, cold and rain, air temperature 11 °C (52 °F)"
212,Clear
213,Clear and mild with temperatures approaching 22.7 °C (72.9 °F)Wind speeds up to 4.1 km/h (2.5 mph)[1]
214,"Dry at first, rain in closing stages"
215,"Sunny, Dry Track"
216,"Sunny, dry track"
217,"Sunny, Dry Track, 27°C"
218,"Wet, then drying out with temperatures reaching up to 28 °C (82 °F)[2]"
219,Dry with temperatures reaching up to 29 °C (84 °F)[1]
220,Sunny
221,"Partially cloudy, mild and dry"
222,Sunny[3]
223,Sunny with temperatures reaching up to 25 °C (77 °F)[3]
224,Dry with temperatures reaching up to 23 °C (73 °F)[1]
225,"Thunderstorm, then drying with temperatures reaching up to 24 °C (75 °F)[1]"
226,Dry with temperatures reaching up to 21 °C (70 °F)[1]
227,"Cloudy, but dry"
228,Sunny
229,"Overcast, mild, wet at first, drying later, light rain at finish"
230,Rain
231,Mostly sunny and warm with temperatures approaching 26 °C (79 °F)[1]
232,Dry
233,Warm and sunny with temperatures reaching up to 25 °C (77 °F)[1]
234,"Sunny, dry"
235,Sunny with temperatures reaching up to 27 °C (81 °F)[2]
236,Overcast and dry with temperatures reaching up to 17 °C (63 °F)[2]
237,Dry
238,Mostly sunny with ambient temperatures reaching 25 °C during the day.
239,"Sunny, mild and dry"
240,Overcast
241,Cloudy
242,"Heavy rain before the start, before brightening up"
243,Sunny
244,"Warm, sunny"
245,"Cloudy at start, sunny later with temperatures reaching up to 24.3 °C (75.7 °F)Wind speeds up to 8 km/h (5.0 mph)[1]"
246,"Cloudy, light drizzle at times"
247,"Warm, cloudy, windy"
248,"Sunny, 28 °C (82 °F)"
249,Sunny
250,"Cloudy, then heavy rain"
251,Sunny
252,Sunny
253,"Rain, later dried out, air temperature 11 °C (52 °F)"
254,"Cloudy, dry"
255,"Rain, later dried out"
256,Sunny[2]
257,Sunny
258,Sunny
259,Sunny
260,Sunny
261,Sunny
262,Temperatures approaching 26.3 °C (79.3 °F);Wind speeds up to 21 km/h (13 mph)[1]
263,Sunny
264,Sunny
265,Sunny
266,Sunny
267,Sunny
268,Sunny
269,Sunny
270,Sunny
271,"Heavy rain, followed by light showers"
272,Sunny with clouds
273,"Very hot and humid, with torrential thunderstorms. Air temp: 33 °C (91 °F)"
274,Dry first then torrential rain for a short period; later drying and staying dry for the rest of the race
275,"Very cold, rain with dry spells"
276,"Wet at start, dry later"
277,Sunny
278,"Partly cloudy, mild, dry"
279,Temperatures reaching up to 29.0 °C (84.2 °F);Wind speeds up to 18.3 km/h (11.4 mph)[1]
280,Rain
281,Dry
282,Dry
283,Dry
284,Sunny and clear
285,Hot and sunny
286,"Dry, sunny, windy"
287,"Dry/wet, warm, cloudy"
288,Sunny
289,"Hot, dry and dull"
290,Scattered clouds27 °C (81 °F)[1]
291,Dry
292,"Dry at start, wet later"
293,Sunny
294,Dry
295,Dry with temperatures reaching up to 25 °C (77 °F);Wind speeds up to 14 km/h (8.7 mph)[1]
296,"Dry, then raining"
297,Dry
298,Dry
299,Dry
300,"Overcast, brief rain mid-race"
301,Sunny and warm
302,"Dry, sunny, windy"
303,"Dry, warm, cloudy"
304,Cloudy
305,Overcast25 °C (77 °F)[1]
306,"Cloudy at start, rainy later. Ambient temperature: 29.4°C (85°F).Humidity: 95%.Wind speed: 33.7 km/h (21 mph)."
307,"Wet at start, dry by finish"
308,"Cloudy, mild, dry"
309,Mild with temperatures approaching 25 °C (77 °F);Wind speeds up to 12 km/h (7.5 mph)[1]
310,Mostly Cloudy24 °C (75 °F)[1]
311,Dry
312,"Hot, dry, sunny"
313,Hot and sunny
314,"Hot dry, sunny"
315,Sunny and hot
316,Sunny and warm
317,Sunny and warm
318,"Warm and overcast, drying"
319,"Sunny, warm"
320,Torrential rain
321,Cloudy and cool with temperatures reaching up to 18 °C (64 °F)[1]
322,"Hot, dry, sunny"
323,"Warm, dry, sunny"
324,"Warm, dry, sunny"
325,Warm and cloudy with temperatures approaching 19.8 °C (67.6 °F); wind speeds up to 27.8 kilometres per hour (17.3 mph)[1]
326,Overcast21 °C (70 °F)[1]
327,"Hot, dry, sunny"
328,"Hot, dry, sunny"
329,"Hot, dry, sunny"
330,Dry
331,Dry
332,"Hot, dry, sunny"
333,Fine
334,"Dry, hot, sunny"
335,Sunny
336,Sunny
337,Sunny
338,Overcast with light rain at start
339,"Mainly cloudy, dry"
340,"Cloudy, rain"
341,"Mainly cloudy, dry"
342,"Mainly cloudy, dry"
343,Air: 28 to 29 °C (82 to 84 °F) Track: 39 to 49 °C (102 to 120 °F)
344,Warm with temperatures approaching 26 °C (79 °F); wind speeds up to 4.9 kilometres per hour (3.0 mph)[1]
345,Dry[3]
346,Mainly sunny
347,"Mainly cloudy, dry[4]"
348,Mainly sunny28 °C (82 °F)[1]
349,Intermittent rain
350,Sunny
351,"Clear; Air temp 29 to 30 °C (84 to 86 °F), Track temp 31 °C (88 °F)[5][6]"
352,Sunny
353,"Rain. Air 20 °C (68 °F), Track 18 °C (64 °F)"
354,Clear; 25 °C (77 °F)
355,"Dry[3]
Air Temp 28 °C (82 °F)[3]

Track Temp 33 °C (91 °F) dropping to 29 °C (84 °F)[3]"
356,"Very hot, dry, sunny"
357,"Warm, dry, sunny"
358,"Warm, dry, sunny"
359,"Hot, dry, partly sunny 25°C/79°F, 40% Humidity, wind NW-10mph"
360,"Hot, sunny; temperature up to maximum of 38.3 °C (100.9 °F)[1]"
361,Cool and rainy with temperatures approaching 24 °C (75 °F); wind speeds up to 17.9 kilometres per hour (11.1 mph)[1]
362,"Hot, dry, sunny"
363,"Warm, dry, sunny"
364,"Warm, cloudy"
365,Cloudy
366,"Wet, cloudy, cool"
367,"Hot, dry, sunny"
368,"Hot, dry, sunny"
369,"Dry, hot, sunny"
370,"Dry, warm, cloudy"
371,"Wet, cool"
372,Cloudy and hot
373,"Sunny, warm"
374,Warm and dry
375,Sunny and hot
376,Sunny and hot with temperatures up to 29 °C (84 °F); wind speeds up to 19 kilometres per hour (12 mph)[1]
377,Warm and sunny with temperatures up to 91.9 °F (33.3 °C); wind speeds up to 11.1 miles per hour (17.9 km/h)[1]
378,Sunny and hot
379,Wet and cool
380,Wet and cool
381,Sunny and hot
382,"Warm, dry and overcast"
383,Sunny and hot
384,Sunny and hot
385,Sunny and hot
386,"Cool and mainly dry, some rain toward the end"
387,Cloudy and hot
388,Sunny
389,"Sunny, warm"
390,Cloudy and cool
391,Sunny and warm
392,Clear with rain showers later on; temperatures reaching up to 78.1 °F (25.6 °C); wind speeds up to 19.6 miles per hour (31.5 km/h)[1]
393,Sunny and hot
394,Sunny and warm
395,Dry
396,Dry
397,Dry
398,Dry
399,Dry
400,Sunny and hot
401,Sunny and hot
402,Dry
403,Sunny
404,"Hot, dry and sunny"
405,"Warm, dry and sunny"
406,"Overcast, warm"
407,"Sunny, mild, dry"
408,Dry
409,Dry with temperatures approaching 25 °C (77 °F); wind speeds up to 20.5 km/h (12.7 mph)[1]
410,Cloudy and hot with temperatures reaching up to 91 °F (33 °C); wind speeds up to 23 miles per hour (37 km/h)[1]
411,Dry
412,Sunny
413,Dry
414,Cloudy
415,Dry
416,Dry
417,Dry
418,Sunny and hot
419,Sunny
420,"Dry, 34 °C (93 °F) air temperature"
421,"Overcast, Cold, Rain"
422,Rain
423,Dry
424,Sunny with temperatures approaching 20.5 °C (68.9 °F); wind speeds up to 12.9 kilometres per hour (8.0 mph)[1]
425,Clear and cool with temperatures reaching up to 80.1 °F (26.7 °C); wind speeds up to 23 miles per hour (37 km/h)[1]
426,"Dry, hot[2]"
427,"Cool, overcast"
428,Dry
429,Dry
430,Sunny
431,Dry
432,"Wet/Dry, drying up in later stages"
433,Wet
434,"Sunny, hot and dry"
435,Sunny
436,Dry
437,Dry
438,Sunny
439,Dry
440,Dry
441,Heavy rain and spray
442,Dry with temperatures approaching 26 °C (79 °F); wind speeds up to 12.9 kilometres per hour (8.0 mph)[1]
443,Sunny and warm with temperatures reaching up to 77.9 °F (25.5 °C); wind speeds up to 11.3 miles per hour (18.2 km/h)[1]
444,Sunny with temperatures reaching up to 100 °F (38 °C); wind speeds of 14 miles per hour (23 km/h)[2]
445,Sunny
446,Dry
447,Dry
448,Sunny
449,Dry
450,Sunny
451,Dry
452,Dry
453,Sunny and warm with temperatures reaching up to 65.8 °F (18.8 °C); wind speeds approaching speeds up to 9.9 miles per hour (15.9 km/h)[1]
454,"Dry, grey and cool[1]"
455,Sunny
456,Wet track at the start
457,Dry
458,Sunny and warm with temperatures reaching up to 76.8 °F (24.9 °C); wind speeds up to 11.3 miles per hour (18.2 km/h)[1]
459,Warm with temperatures approaching 30 °C (86 °F); wind speeds up to 15 kilometres per hour (9.3 mph)[1]
460,Hot
461,Dry
462,Dry
463,Cloudy
464,Dry
465,Dry
466,Dry
467,Dry
468,Dry
469,Clear and warm with temperatures reaching up to 63.9 °F (17.7 °C); wind speeds approaching speeds up to 11.8 miles per hour (19.0 km/h)[1]
470,Cold
471,Cold with air temperatures reaching up to 13 °C (55 °F)[1]
472,"Dry, then Wet"
473,Sunny and warm with temperatures reaching up to 72 °F (22 °C); wind speeds up to 16.1 miles per hour (25.9 km/h)[1]
474,Overcast and chilly17 °C (63 °F)[1]
475,Cloudy
476,Hot
477,Dry
478,Dry
479,"Sunny, hot"
480,Dry
481,Dry
482,Sunny with temperatures reaching up to 98.8 °F (37.1 °C); wind speeds approaching 18.1 miles per hour (29.1 km/h)[1]
483,Sunny and warm with temperatures reaching up to 71.1 °F (21.7 °C); wind speeds approaching 10.9 miles per hour (17.5 km/h)[1]
484,"Overcast, Fresh, Rain"
485,"Sunny, dry"
486,"Rain, cold"
487,"Dry, then wet at the end"
488,Dry
489,"Sunny, hot"
490,"Dry, then wet at half distance, then dry again"
491,Dry
492,Wet / Dry
493,"Mild, Dry"
494,"Sunny, dry"
495,Dry and sunny
496,Wet and cold with temperatures up to 20 °C (68 °F); wind speeds up to 15 kilometres per hour (9.3 mph)[1]
497,Sunny with temperatures reaching up to 75 °F (24 °C); wind speeds approaching speeds up to 11.1 miles per hour (17.9 km/h)[1]
498,"Sunny, Very hot, Dry"
499,Dry
500,Dry
501,Sunny and warm with temperatures reaching up to 81 °F (27 °C); wind speeds up to 10.9 miles per hour (17.5 km/h)[1]
502,Dry
503,"Dry at the start, damp in the end"
504,Dry
505,Dry
506,"Overcast, Dry"
507,"Mild, Dry"
508,"Sunny, Mild, Dry"
509,"Sunny, Mild, Dry"
510,Cold and dry with temperatures reaching up to 11 °C (52 °F); wind speeds up to 15.9 kilometres per hour (9.9 mph)[1]
511,Cloudy and dry with temperatures reaching up to 12 °C (54 °F);Wind speeds up to 14.82 km/h (9.21 mph)[1]
512,Dry
513,Dry
514,Wet
515,Sunny and warm with temperatures reaching up to 66 °F (19 °C); winds gusting up to 8 miles per hour (13 km/h)[1]
516,Dry
517,Dry
518,Dry
519,Dry
520,Dry
521,Dry
522,Dry
523,Dry
524,Dry and sunny
525,"Partially cloudy, mild and dry with temperatures reaching up to 21 °C (70 °F); wind speeds up to 18.3 kilometres per hour (11.4 mph)[1]"
526,Rain with temperatures reaching a maximum of 15 °C (59 °F);Wind speeds up to 27.78 km/h (17.26 mph)[1]
527,Dry
528,"Very hot and humid, 100.4°F (38°C)[1]"
529,Dry
530,Scattered clouds 17 °C (63 °F)[1]
531,Dry
532,Dry
533,Dry
534,Sunny and warm
535,Dry
536,Dry
537,Dry
538,Wet
539,Dry
540,Sunny
541,"Cloudy, dry"
542,Mostly cloudy5 °C (41 °F)[1]
543,Dry
544,Dry
545,Sunny
546,Temperatures of 68 °F (20 °C); winds of 10.9 miles per hour (17.5 km/h)[1]
547,Sunny
548,Dry
549,Wet
550,Dry
551,Dry
552,Sunny
553,Dry
554,"Wet, then drying"
555,Dry
556,Dry
557,Rain with temperatures reaching up to 17 °C (63 °F);Winds gusting up to 23.69 km/h (14.72 mph)[1]
558,Cold with temperatures approaching 12 °C (54 °F); wind speeds up to 12.8 kilometres per hour (8.0 mph)[1]
559,Dry
560,Sunny
561,Sunny
562,Hot and sunny with temperatures reaching up to 70 °F (21 °C); wind speeds approaching speeds up to 15 miles per hour (24 km/h)[2]
563,Sunny
564,Wet
565,Dry
566,Dry
567,Dry
568,Dry
569,"Rain at start, later drying"
570,Sunny
571,"Warm, dry"
572,Hot
573,Mild with temperatures approaching 22 °C (72 °F); wind speeds up to 8.9 kilometres per hour (5.5 mph)[2]
574,Sunny with temperatures reaching up to 16 °C (61 °F);Winds gusting up to 44.45 km/h (27.62 mph)[2]
575,"Very wet and misty, eventually drying"
576,Hot and sunny
577,"Sunny, hot and dry"
578,Sunny
579,Sunny
580,"Rain, later drying"
581,Dry and sunny
582,Dry
583,"Wet, drying later"
584,Dry and sunny
585,"Sunny, then overcast, then heavy rain"
586,Dry and sunny
587,Heavy rain
588,Dry and sunny
589,Partly sunny with temperatures reaching a maximum of 20.6 °C (69.1 °F);Winds gusting up to 31.48 km/h (19.56 mph)[1]
590,Hot and sunny
591,"Hot and partially cloudy in the first phase, then seasonal monsoon later."
592,Dry
593,Cloudy
594,Wet
595,Cloudy
596,Sunny
597,Sunny
598,Hot
599,Dry
600,"Overcast, showers"
601,Sunny
602,Hot
603,Cold with temperatures approaching 13.3 °C (55.9 °F); wind speeds up to 15 kilometres per hour (9.3 mph)[1]
604,"Clear, warm"
605,Hot
606,Sunny and hot
607,"Sunny, Hot, Dry"
608,"Sunny, Hot, Dry"
609,"Warm, dry"
610,Cloudy
611,Cloudy
612,Sunny and warm
613,Dry
614,Dry
615,Dry
616,Sunny
617,Hot
618,Mild with temperatures approaching 22.2 °C (72.0 °F); wind speeds up to 11.8 kilometres per hour (7.3 mph)[1]
619,Cloudy with temperatures approaching 20 °C (68 °F);Wind speeds up to 14.82 km/h (9.21 mph)[1]
620,Hot
621,"Sunny, Hot, Dry"
622,Sunny
623,Wet
624,Wet
625,Hot
626,"Warm, dry"
627,Hot
628,"Sunny, hot"
629,Dry and sunny
630,Mild with temperatures approaching 22.8 °C (73.0 °F); wind speeds up to 12 kilometres per hour (7.5 mph)[1]
631,"Sunny at start, brief showers late"
632,"Sunny, Hot, Dry"
633,"Sunny, Hot, Dry"
634,Overcast
635,Wet
636,Hot
637,"Overcast, dry"
638,Hot
639,Dry
640,Hot
641,Rainy and foggy with temperatures approaching 17.8 °C (64.0 °F); wind speeds up to 8 kilometres per hour (5.0 mph)[1]
642,Dry
643,"Very hot, Dry"
644,"Very hot, Dry"
645,Sunny and warm
646,Wet
647,Cloudy
648,Overcast
649,Dry
650,Hot
651,Sunny
652,"Sunny, Dry"
653,Mild with temperatures approaching 23.3 °C (73.9 °F); winds gusting up to 10.1 kilometres per hour (6.3 mph)[1]
654,Cloudy and dry with temperatures reaching up to 10 °C (50 °F);Wind speeds up to 29.5 km/h (18.3 mph)[1]
655,Hot
656,"Hot, Dry"
657,"Sunny, mild, dry"
658,"Overcast, mild, dry"
659,"Sunny, mild, dry"
660,"Sunny, mild, dry"
661,"Overcast, dry"
662,Hot
663,"Sunny, Dry"
664,Mild with temperatures approaching 21.1 °C (70.0 °F); wind speeds up to 10.1 kilometres per hour (6.3 mph)[1]
665,Dry with temperatures reaching up to 18 °C (64 °F);Wind speeds up to 18.70 km/h (11.62 mph)[1]
666,Warm and dry
667,"Very hot, dry"
668,"Hot, Dry"
669,"Sunny, Mild, Dry"
670,"Overcast, Dry"
671,Showers
672,Wet
673,"Hot, Dry"
674,"Hazy, Wet"
675,"Hot, Dry"
676,Sunny with temperatures reaching up to 27.8 °C (82.0 °F) and wind speeds up to 10.1 kilometres per hour (6.3 mph); no precipitation reported throughout the day[1]
677,Temperatures reaching a maximum of 20 °C (68 °F);wind speeds up to 14.82 km/h (9.21 mph)[1]
678,"Sunny, Mild, Dry"
679,Hot
680,Cloudy
681,Sunny
682,Wet
683,Hot
684,Dry
685,"Warm, dry and sunny"
686,Rainy with temperatures up to 24.4 °C (75.9 °F); wind speeds up to 8 kilometres per hour (5.0 mph)[1]
687,"Warm, dry"
688,Sunny
689,Hot
690,"Overcast, Mild, Dry"
691,Overcast and wet
692,"Hot, dry"
693,"Wet, drying later"
694,"Sunny, Mild, Dry"
695,Overcast and wet
696,"Warm, dry and sunny"
697,"Cool, dry"
698,"Warm, clear"
699,Hot
700,Cloudy
701,Heavy rain
702,Sunny
703,"Warm, dry and overcast"
704,Sunny
705,Overcast and dry
706,Hot
707,"Rainy, windy, cold"
708,Hot
709,Cloudy
710,Dry
711,Dry
712,Dry
713,"Warm, dry"
714,Dry
715,Dry
716,Dry
717,"Sunny, warm"
718,Hot
719,"Warm, dry and sunny"
720,Wet and overcast
721,Sunny
722,"Sunny, then rain"
723,"Warm, dry and sunny"
724,"Warm, dry and sunny, 21C."
725,"Warm, dry and sunny"
726,Sunny
727,"Overcast, dry"
728,"Hot, dry and windy"
729,Sunny
730,Cloudy
731,Sunny
732,Sunny
733,Sunny
734,Heavy rain showers
735,"Dry, with rain later"
736,Sunny
737,"Dry, windy"
738,Sunny
739,Sunny
740,Sunny
741,Sunny
742,"Torrential rain, drying later"
743,Wet
744,Sunny
745,Temperatures up to 22 °C (72 °F);Wind speeds up to 16.48 km/h (10.24 mph)[1]
746,Dry
747,Cloudy
748,Sunny
749,Sunny
750,Wet
751,Dry
752,"Dry, overcast."
753,Hot
754,"Warm, dry"
755,Temperatures up to 24.4 °C (75.9 °F);Wind speeds up to 18.33 km/h (11.39 mph)[1]
756,"Hot, clear"
757,Sunny
758,Sunny
759,"Hot, dry"
760,Dry and sunny.
761,Dry and dull.
762,Hot and clear.
763,Dry and sunny
764,Sunny with temperatures reaching up to 25 °C (77 °F);Winds speeds up to 25.93 km/h (16.11 mph)[1]
765,Hot
766,Cloudy
767,Sunny
768,Sunny
769,"Hot, dry"
770,Hot
771,Dry
772,Hot
773,Cloudy
774,Cloudy
775,"Warm, dry, sunny"
776,Hot
777,Cloudy
778,Sunny
779,Hot
780,"Overcast, dry."
781,Hot
782,"Sunny, very hot, dry"
783,Hot
784,Overcast but dry
785,"Warm, dry, sunny"
786,Cloudy
787,"Wet and overcast, later drying"
788,Cloudy
789,"Overcast, dry"
790,Hot
791,"Cloudy, warm, alternating light rain"
792,Very hot and dry
793,Cloudy
794,Sunny
795,Wet
796,Drizzly
797,"Hot, dry.[1]"
798,Hot
799,"Overcast, wet"
800,Sunny
801,"Sunny, mild, dry"
802,"Overcast, wet"
803,"Cold, wet (heavy rain).[1]"
804,"Sunny, dry"
805,Rain
806,"Sunny, mild, dry"
807,"Sunny, mild, dry"
808,"Hot, dry"
809,Sunny
810,"Sunny, mild, dry"
811,"Hot, dry"
812,"Hot, dry"
813,"Overcast, showers"
814,"Sunny, mild, dry"
815,"Sunny, mild, dry"
816,"Sunny, mild, dry"
817,Sunny
818,Sunny
819,Rain
820,Rain
821,"Overcast, dry."
822,Sunny
823,Rainy
824,Sunny
825,"Overcast, rain"
826,Sunny
827,"Sunny, Mild, Dry"
828,"Sunny, Hot, Dry"
829,"Mild, Dry"
830,"Sunny, Mild, Dry"
831,Warm and sunny
832,"Hot, Dry"
833,"Sunny, mild, dry."
834,Cloudy
835,Cloudy
836,"Warm, dry and sunny"
837,"Warm, dry and sunny"
838,Hot and sunny
839,"Warm, hot and sunny"
841,"Sunny, 18°C"
842,"Cloudy, dry"
843,"Fine and Dry[1]
Air Temp 22 °C (72 °F)[1]

Track Temp 32 °C (90 °F) dropping to 26 °C (79 °F)[1]"
844,"Sunny, Fine and Dry[2]
Air Temp 17 °C (63 °F)[2]

Track Temp 35 °C (95 °F) dropping to 30 °C (86 °F)[2]"
845,"Mainly sunny, Fine and Dry[3][4]
Air Temp 27 °C (81 °F)[4]

Track Temp 33 °C (91 °F) to 44 °C (111 °F)[4]"
846,"Sunny, Fine and Dry[2]Air Temp 24 °C (75 °F)[2]Track Temp 44 °C (111 °F)[2]"
847,"Wet at start, very heavy rain later, after rain stops, track drying towards the end. Temperatures up to 27 °C (81 °F); wind speeds up to 12 kilometres per hour (7.5 mph)[2]"
848,"Clear, Fine and Dry[1][2]Air Temp 27 °C (81 °F)[2]Track Temp 47 °C (117 °F)[2]"
849,Wet track at start; subsequently drying.[1]Air Temp 20 °C (68 °F)[1]Track Temp 22 °C (72 °F)[1]
850,"Cloudy, (light) rain at start"
851,"Cloudy, rain showers"
852,"Cloudy, dry"
853,Mainly sunny
854,"Hot and humid

Air Temp 31 °C (88 °F)[1]"
855,"Sunny and dry

Air Temp 24 °C (75 °F)[3]"
856,"Dry, light rain at the start

Air Temp 21 °C (70 °F)[2]"
857,"Fine and Dry

Air Temp 30 °C (86 °F)[1]"
858,"Fine and Dry

Air Temp 25 °C (77 °F)[1]"
859,"Fine

Air Temp 24 °C (75 °F)  Track Temp 43 °C (109 °F)[1]"
860,"Fine[1]
Air Temp 22 °C (72 °F)[1]

Track Temp 30 °C (86 °F) dropping to 22 °C (72 °F)[1]"
861,"Heavy rain clearing to cloudy and dry[2]
Air Temp 26 °C (79 °F)[2]

 Track Temp 29 °C (84 °F) dropping to 24 °C (75 °F) [2]"
862,"Overcast but Dry[1]
Air Temp 22 °C (72 °F)[1]

Track Temp 23 °C (73 °F)[1]"
863,"Sunny and hot[1][2]
Air Temp 27 °C (81 °F)[2]

Track Temp 33 °C (91 °F) dropping to 29 °C (84 °F)[2]"
864,"Partially cloudy, dry: Air 23 °C (73 °F), Track 36 °C (97 °F)"
865,"Fine and Dry, showers threatening at end[2]
Air Temp 21 °C (70 °F)[2]

Track Temp 38 °C (100 °F) dropping to 31 °C (88 °F)[2]"
866,"Fine, dry and warm;[2]
with air temperature approaching 29 °C (84 °F)[2]

Track Temp 45 °C (113 °F) dropping to 39 °C (102 °F)[2]"
867,"Fine and Dry[2]
Air Temp 27 °C (81 °F)[2]

Track Temp 45 °C (113 °F)[2]"
868,DryAir Temp 20 °C (68 °F)[2]Track Temp 31 °C (88 °F)[2]
869,"Fine and Dry[2]
Air Temp 22 °C (72 °F)[2]

Track Temp 30 °C (86 °F)[2]"
870,"Fine and Dry. Very Hot[2][3]
Air Temp 30 °C (86 °F)[3]

Track Temp 45 °C (113 °F)[3]"
871,"Fine and Dry[4]
Air Temp 23 °C (73 °F)[4]

Track Temp 33 °C (91 °F)[4]"
872,"Dry and sizzlingly sunny[2]
Air temp 28 °C (82 °F)[2]

Track temp 40 °C (104 °F)[2]"
873,Hot and humid[2]Air Temp 29 °C (84 °F)[2]Track Temp 31 °C (88 °F)[2]
874,"Fine and Dry[2]
Air Temp 23 °C (73 °F)[2]

Track Temp 32 °C (90 °F)[2]"
875,"Fine and Dry[3]
Air Temp 21 °C (70 °F)[3]

Track Temp 27 °C (81 °F) dropping to 23 °C (73 °F)[3]"
876,"Fine, Dry, a little hazy and a little dusty[2]
Air Temp 30 °C (86 °F)[2]

Track Temp 36 °C (97 °F) dropping to 31 °C (88 °F)[2]"
877,"Dry[2]
Air Temp 29 °C (84 °F)[2]

Track Temp 34 °C (93 °F) dropping to 29 °C (84 °F)[2]"
878,Scattered clouds[2][3]Air temp 24 °C (75 °F)[3]Track temp 32 °C (90 °F)[3]
879,"Race start: drops of rain, light rain shower getting heavier at the end.[2]
Air Temp 19 °C (66 °F)[2]

Track Temp 21 °C (70 °F)[2]"
880,"Scattered Clouds, Fine and Dry[2]
Air Temp 18 °C (64 °F)[2]

Track Temp 25 °C (77 °F) dropping to 19 °C (66 °F)[2]"
881,Light rain clearing to cloudy and dry
882,Cloudy
883,Sunny
884,Sunny
885,Warm and sunny
886,Mild with temperatures approaching 23 °C (73 °F); wind speeds up to 15 kilometres per hour (9.3 mph)[2]
887,Dry
888,Sunny
890,"Very hot and sunny, 35 °C."
891,Cloudy
892,Cloudy
893,Dry and 29 degrees
894,Cloudy with maximum temperatures reaching 29 degrees during the day
895,Warm and sunny
896,"Sunny, haze"
897,Clear
898,"Partly cloudy, warmTemperatures reaching up to 89.1 °F (31.7 °C); wind speeds approaching speeds of 11.1 miles per hour (17.9 km/h)[2]"
899,"Cloudy, Air Temp: 18 °C"
900,"Overcast, 19 °C(66 °F)"
901,"Dry, 32°C"
902,Dry
903,"Mostly cloudy, dry"
904,Sunny
905,"Overcast, Air: 20 to 21 °C (68 to 70 °F), Track: 28 to 30 °C (82 to 86 °F)."
906,Temperatures up to 27.6 °C (81.7 °F); wind speeds up to 16.4 kilometres per hour (10.2 mph)[5]
907,"Partially cloudy, hot and dry"
908,Mostly cloudy with maximum temperatures reaching 21 degrees during the day.
909,Cloudy with maximum temperatures reaching 26 degrees during the day.
910,"Overcast. Wet track at start, then drying.Scattered thunderstorms during the day, temperatures reaching a maximum of 26 degrees.[1]"
911,Mostly cloudy
912,"Sunny; Air: 25 °C (77 °F), Track: 37 to 42 °C (99 to 108 °F)"
913,Clear. Air: 28 to 30 °C (82 to 86 °F) Track: 33 to 37 °C (91 to 99 °F).
914,Rain. Air: 20 °C (68 °F) Track: 24 °C (75 °F)
915,"Fine and dry;21 °C (70 °F) ambient temperature,33 °C (91 °F) track temperature[4]"
916,Sunny
917,"Sunny, Air: 23 to 24 °C (73 to 75 °F), Track: 46 to 50 °C (115 to 122 °F)"
918,"Clear skies; Air temp: 30 °C (86 °F) during the day, dropping to 24 °C (75.2 °F). Wind speed: 8 km/h (4.9 mph).[2] (Night race)"
931,Partly cloudy18–19 °C (64–66 °F) air temperature31–37 °C (88–99 °F) track temperature1.5 m/s (4.9 ft/s) wind from the west[2]
932,Sunny20–21 °C (68–70 °F) air temperature39 °C (102 °F) track temperature4 m/s (13 ft/s) wind from the north[2]
929,"Sunny, clear24–26 °C (75–79 °F) air temperature28–31 °C (82–88 °F) track temperature1.5 m/s (4.9 ft/s) wind from the north[1]"
930,Sunny25 °C (77 °F) air temperature44 °C (111 °F) track temperature1.8 m/s (5.9 ft/s) wind from the northeast[3]
928,Sunny21 °C (70 °F) air temperature46 °C (115 °F) track temperature1.4 m/s (4.6 ft/s) wind from the northwest[1]
926,Partly cloudy17–18 °C (63–64 °F) air temperature32–37 °C (90–99 °F) track temperature6 m/s (20 ft/s) wind from the south[3]
927,Sunny32–33 °C (90–91 °F) air temperature53–58 °C (127–136 °F) track temperature2 m/s (6.6 ft/s) wind from the south[3]
933,Cloudy14–15 °C (57–59 °F) air temperature27–32 °C (81–90 °F) track temperature2 m/s (6.6 ft/s) wind from the west[2]
934,"Cloudy, rain at times17–20 °C (63–68 °F) air temperature24–32 °C (75–90 °F) track temperature2.5 m/s (8.2 ft/s) wind from the east[2]"
936,Sunny22–24 °C (72–75 °F) air temperature41–48 °C (106–118 °F) track temperature3.2 m/s (10 ft/s) wind from the east[2]
937,Cloudy23 °C (73 °F) air temperature33–37 °C (91–99 °F) track temperature3.5 m/s (11 ft/s) wind from the northwest[2]
938,Partly cloudy22–23 °C (72–73 °F) air temperature38–39 °C (100–102 °F) track temperature1.5 m/s (4.9 ft/s) wind from changing directions[2]
939,Dry28–29 °C (82–84 °F) air temperature34–36 °C (93–97 °F) track temperature0.5 m/s (1.6 ft/s) wind from the west[2]
940,Partly cloudy27 °C (81 °F) air temperature52–54 °C (126–129 °F) track temperature4.5 m/s (15 ft/s) wind from the east[2]
941,Partly cloudy18 °C (64 °F) air temperature25–27 °C (77–81 °F) track temperature1.5 m/s (4.9 ft/s) wind from the north[2]
942,Very cloudy17 °C (63 °F) air temperature17–20 °C (63–68 °F) track temperature8 m/s (26 ft/s) wind from the south[2]
943,Partly cloudy22–24 °C (72–75 °F) air temperature48–56 °C (118–133 °F) track temperature1.5 m/s (4.9 ft/s) wind from the northwest[2]
944,Dry22–28 °C (72–82 °F) air temperature38–48 °C (100–118 °F) track temperature2.5 m/s (8.2 ft/s) wind from the north[2]
945,Clear25–27 °C (77–81 °F) air temperature28–29 °C (82–84 °F) track temperature1.5 m/s (4.9 ft/s) wind from the south[3]
948,Partly cloudy22–23 °C (72–73 °F) air temperature26–36 °C (79–97 °F) track temperature4 m/s (8.9 mph; 14 km/h) wind from the south[4]
949,Dry21–22 °C (70–72 °F) air temperature26–29 °C (79–84 °F) track temperature2 m/s (6.6 ft/s) wind from the southwest[4]
950,Sunny21 °C (70 °F) air temperature37 °C (99 °F) track temperature4.8 m/s (16 ft/s) wind from the northeast[4]
951,Partly cloudy16 °C (61 °F) air temperature37–41 °C (99–106 °F) track temperature2.5 m/s (8.2 ft/s) wind from the southwest[4]
952,Partly cloudy20–22 °C (68–72 °F) air temperature39–41 °C (102–106 °F) track temperature2 m/s (6.6 ft/s) wind from the north[4]
953,"Rainy at start, dry later17–18 °C (63–64 °F) air temperature20–22 °C (68–72 °F) track temperature2 m/s (6.6 ft/s) wind from the north[4]"
954,Cloudy12 °C (54 °F) air temperature21–23 °C (70–73 °F) track temperature2.5 m/s (8.2 ft/s) wind from the southeast[4]
955,Partly cloudy30–33 °C (86–91 °F) air temperature39–45 °C (102–113 °F) track temperature2.5 m/s (8.2 ft/s) wind from the southeast[4]
956,Cloudy
957,"Wet at start, dry later"
958,Sunny
959,Partially cloudy and dry
960,Partially cloudy and dry
961,"Sunny, warm"
962,Clear30 °C (86 °F) air temperature34–35 °C (93–95 °F) track temperature1.5 m/s (4.9 ft/s) wind from the east[2]
963,Sunny33 °C (91 °F) air temperature49 °C (120 °F) track temperature2.8 m/s (9.2 ft/s) wind from the west[2]
964,Cloudy
965,Sunny and hot with temperatures reaching up to 84 °F (29 °C); wind speeds approaching speeds of 9.2 miles per hour (14.8 km/h)[2]
966,Sunny
967,Rain and 16 °C (60.8 °F)
968,Sunny
969,Partly cloudy24 °C (75 °F) air temperature31–36 °C (88–97 °F) track temperature2 m/s (4.5 mph; 7.2 km/h) wind from the northwest[3]
970,"Light rain at start, drying later."
971,Clear
972,Sunny
973,Sunny
974,Sunny
975,Sunny and hot with temperatures reaching up to 29 °C (84 °F); wind speeds reaching 12.9 kilometres per hour (8.0 mph)[4]
976,Sunny
977,Partly cloudy
978,Overcast
979,Sunny
980,Partially cloudy and dry
981,Sunny
982,"Wet at start, then drying. Air temperature: 28°C (82°F)"
983,Cloudy
984,Sunny
985,Sunny with temperatures reaching up to 82.9 °F (28.3 °C); wind speeds approaching speeds of 13.8 miles per hour (22.2 km/h)[4]
986,"Sunny, dry"
987,Sunny
988,Clear
989,Sunny
990,Clear
991,Sunny
992,Cloudy
993,"Partially cloudy and dry, 16°C and cold."
994,Sunny
995,Temperatures reaching up to 22.7 °C (72.9 °F); with wind speeds reaching 11.1 kilometres per hour (6.9 mph)[2]
996,"Partially cloudy, warm and dry"
997,Sunny
998,Sunny 27.0 °C (80.6 °F)[2]
999,Overcast with intermittent rain
1000,Sunny
1001,Cloudy
1002,Sunny
1003,Clear
1004,Cloudy
1005,Partly cloudy
1006,Partly cloudy
1007,Sunny
1008,Cloudy
1009,Clear
1010,Sunny
1011,Clear
1012,Partly cloudy
1013,Mostly sunny
1014,Sunny
1015,Overcast
1016,Temperatures reaching up to 29.6 °C (85.3 °F); wind speeds negligible[2]
1017,Clear
1018,"Sunny, 36C (97F)"
1019,Partly cloudy
1020,"Early rain, Late clouds"
1021,Sunny
1022,Partly cloudy
1023,Partly cloudy
1024,Slightly hazy
1025,Partly cloudy
1026,Sunny
1027,Partly cloudy
1028,Sunny
1029,Sunny
1030,Clear
1031,Sunny
1032,Sunny
1033,"Wet at start, partly cloudy"
1034,Partly cloudy
1035,Sunny
1036,Partly cloudy
1037,Partly cloudy
1038,Sunny
1039,Sunny
1040,Sunny
1041,"Partly cloudy, 10 °C (50 °F)"
1042,Cloudy
1043,Partly cloudy
1044,Overcast. Wet and drying track. Air: 11–14 °C (52–57 °F); Track: 14–17 °C (57–63 °F)
1045,Clear
1046,Clear
1047,Clear
1053,"Wet at start, drying during race, 9 °C (48 °F)"
1074,Clear
1052,"Clear, 21 °C (70 °F)"
1051,Clear
1054,Light cloud
1055,Cloudy
1056,Sunny
1057,Sunny
1058,Partly cloudy. Ambient temperature: 25 to 29 °C (77 to 84 °F); Surface temperature: 48 to 56 °C (118 to 133 °F)
1059,Windy and partly cloudy. Ambient temperature: 24 to 27 °C (75 to 81 °F); Surface temperature: 33 to 38 °C (91 to 100 °F)
1060,Partly cloudy
1061,Clear. Ambient: 29 to 31 °C (84 to 88 °F); Surface: 48 to 52 °C (118 to 126 °F)
1062,Rain and sunny. Ambient: 26 to 29 °C (79 to 84 °F); Surface: 31 to 52 °C (88 to 126 °F).[3]
1063,Wet; persistent rain
1064,Sunny
1065,Sunny
1066,Cloudy and rainy
1067,Overcast with intermittent rain
1069,Sunny
1070,Sunny
1071,Sunny
1072,Clear
1073,Clear
1075,Clear
1076,Partly cloudy
1077,Cloudy in a wet and drying track[2]
1078,"Warm, partly cloudy, slight rain at the end"
1079,Sunny
1080,Rain and partly cloudy in wet-and-drying track conditions
1081,Sunny
1082,Sunny
1083,Partly cloudy
1084,Partly cloudy
1085,Sunny
1086,"Overcast with drizzle throughout, light rain at the end"
1087,Sunny
1088,Partly cloudy
1089,Sunny
1091,Partly cloudy in a wet and drying track
1092,Rain
1093,Partly cloudy
1094,Partly cloudy
1095,Cloudy
1096,Clear
1098,Clear
1099,Clear
1100,Sunny
1101,Partly cloudy
1102,Partly cloudy
1104,"Cloudy, with some rain intervals"
1105,Cloudy
1106,Partly cloudy
1107,Cloudy
1108,Partly cloudy
1109,Sunny
1110,"Partly cloudy, with a rain interval"
1111,Cloudy and rainy
1112,Sunny
1113,Clear
1114,Sunny
1115,Clear
1116,Sunny
1117,Sunny
1118,Partly cloudy
1119,Clear
1120,Clear
1121,Clear
1122,Clear
1123,Sunny
1124,Sunny
1125,Cloudy
1126,Partly cloudy
1127,Partly cloudy
1128,Sunny
1129,"Rainy at start, dry later"
1130,Clear
1131,Partly cloudy
1132,Intermittent rain
1133,Partly cloudy
1134,Sunny
1135,Sunny
1136,Partly cloudy
1137,Sunny
1138,Clear
1139,Sunny
1140,Partly cloudy
1141,Rain
1142,Clear
1143,Clear
1144,Clear
